GROUP,PACKAGE,CLASS,INSTRUCTION_MISSED,INSTRUCTION_COVERED,BRANCH_MISSED,BRANCH_COVERED,LINE_MISSED,LINE_COVERED,COMPLEXITY_MISSED,COMPLEXITY_COVERED,METHOD_MISSED,METHOD_COVERED
truyum-spring,com.cognizant.truyum.dao,MenuItemDaoCollectionImpl,3,74,0,2,1,12,1,10,1,9
truyum-spring,com.cognizant.truyum.dao,CartDaoCollectionImpl,7,121,0,6,3,21,2,9,2,6
truyum-spring,com.cognizant.truyum.dao,CartEmptyException,0,3,0,0,0,2,0,1,0,1
truyum-spring,com.cognizant.truyum.service,MenuItemService,0,21,0,0,0,6,0,5,0,5
truyum-spring,com.cognizant.truyum.service,CartService,0,20,0,0,0,6,0,4,0,4
truyum-spring,com.cognizant.truyum.model,MenuItem,45,95,2,6,9,36,6,17,4,15
truyum-spring,com.cognizant.truyum.model,Cart,13,16,0,0,4,7,3,3,3,3
truyum-spring,com.cognizant.truyum,AnnotationConfig,0,7,0,0,0,2,0,2,0,2
truyum-spring,com.cognizant.truyum.util,DateUtil,3,14,0,0,2,5,0,1,0,1
